{"offline_id": "0c0227227ae34416992f047699f49432", "project_name": "yolov5", "start_time": 1727501869505, "stop_time": 1727502346026, "tags": [], "workspace": null, "resume_strategy": "create", "customer_error_reported": true, "customer_error_message": "Unexpected error detected in the user script: OutOfMemoryError('CUDA out of memory. Tried to allocate 20.00 MiB. GPU 0 has a total capacity of 8.00 GiB of which 6.36 GiB is free. Of the allocated memory 536.53 MiB is allocated by PyTorch, and 27.47 MiB is reserved by PyTorch but unallocated. If reserved but unallocated memory is large try setting PYTORCH_CUDA_ALLOC_CONF=expandable_segments:True to avoid fragmentation.  See documentation for Memory Management  (https://pytorch.org/docs/stable/notes/cuda.html#environment-variables)')", "user_provided_experiment_key": false, "comet_start_sourced": false}